name,count,total_ms,avg_ms,min_ms,p50_ms,p95_ms,p99_ms,max_ms,last_ms
plan2d.actor_visuals.full_interaction,5,0.824182,0.164836,0.004977,0.007220,0.439762,0.439762,0.439762,0.439762
plan2d.guide_cache.extra.build,1,0.021111,0.021111,0.021111,0.021111,0.021111,0.021111,0.021111,0.021111
plan2d.guide_cache.scene.build,1,0.007270,0.007270,0.007270,0.007270,0.007270,0.007270,0.007270,0.007270
plan2d.guide_cache.scene.collect_targets,1,0.005788,0.005788,0.005788,0.005788,0.005788,0.005788,0.005788,0.005788
plan2d.smart_snap.alignment,1,0.143783,0.143783,0.143783,0.143783,0.143783,0.143783,0.143783,0.143783
plan2d.smart_snap.alignment.extra_cache,1,0.038467,0.038467,0.038467,0.038467,0.038467,0.038467,0.038467,0.038467
plan2d.smart_snap.alignment.intersection_candidate,1,0.006840,0.006840,0.006840,0.006840,0.006840,0.006840,0.006840,0.006840
plan2d.smart_snap.alignment.nearest_axes,1,0.014332,0.014332,0.014332,0.014332,0.014332,0.014332,0.014332,0.014332
plan2d.smart_snap.alignment.project,1,0.002965,0.002965,0.002965,0.002965,0.002965,0.002965,0.002965,0.002965
plan2d.smart_snap.alignment.radius,1,0.002383,0.002383,0.002383,0.002383,0.002383,0.002383,0.002383,0.002383
plan2d.smart_snap.alignment.scene_cache,1,0.038207,0.038207,0.038207,0.038207,0.038207,0.038207,0.038207,0.038207
plan2d.smart_snap.manager,2,0.225915,0.112957,0.094931,0.094931,0.130984,0.130984,0.130984,0.094931
plan2d.smart_snap.prepare_targets,2,0.000620,0.000310,0.000300,0.000300,0.000320,0.000320,0.000320,0.000320
plan2d.smart_snap.total,2,0.403838,0.201919,0.144183,0.144183,0.259655,0.259655,0.259655,0.259655
plan_trace.cursor.actor_sync,2,0.939634,0.469817,0.443468,0.443468,0.496166,0.496166,0.496166,0.443468
plan_trace.cursor.constraint,2,0.004076,0.002038,0.001923,0.001923,0.002153,0.002153,0.002153,0.001923
plan_trace.cursor.pending_preview,2,0.454464,0.227232,0.019479,0.019479,0.434985,0.434985,0.434985,0.434985
plan_trace.cursor.project,2,0.015754,0.007877,0.007541,0.007541,0.008213,0.008213,0.008213,0.007541
plan_trace.cursor.register_cursor,2,0.809111,0.404555,0.380685,0.380685,0.428426,0.428426,0.428426,0.380685
plan_trace.cursor.smart_snap,2,0.442456,0.221228,0.164343,0.164343,0.278113,0.278113,0.278113,0.278113
plan_trace.cursor.sync_actor_visuals,2,0.062312,0.031156,0.028071,0.028071,0.034241,0.034241,0.034241,0.034241
plan_trace.cursor.sync_report,2,0.015292,0.007646,0.002383,0.002383,0.012909,0.012909,0.012909,0.002383
plan_trace.cursor.targets,2,0.387955,0.193977,0.193196,0.193196,0.194759,0.194759,0.194759,0.194759
plan_trace.cursor.update,2,2.944407,1.472204,1.238727,1.238727,1.705680,1.705680,1.705680,1.705680
plan_trace.draw_press.line,2,5.492065,2.746032,1.630188,1.630188,3.861877,3.861877,3.861877,3.861877
plan_trace.draw_press.record_history,1,0.013459,0.013459,0.013459,0.013459,0.013459,0.013459,0.013459,0.013459
plan_trace.draw_press.snapshot,2,0.020200,0.010100,0.009464,0.009464,0.010736,0.010736,0.010736,0.009464
plan_trace.draw_press.total,2,10.616245,5.308123,3.644846,3.644846,6.971399,6.971399,6.971399,6.971399
plan_trace.event.mouse_press.draw_press,2,10.636615,5.318307,3.651626,3.651626,6.984989,6.984989,6.984989,6.984989
plan_trace.event.mouse_press.total,3,14.830365,4.943455,3.770171,3.954605,7.105589,7.105589,7.105589,7.105589
plan_trace.event.total,3,14.848904,4.949635,3.776441,3.960915,7.111548,7.111548,7.111548,7.111548
plan_trace.lifecycle.open,1,3.547080,3.547080,3.547080,3.547080,3.547080,3.547080,3.547080,3.547080
plan_trace.lifecycle.open.scene_cache_rebuild,1,0.072909,0.072909,0.072909,0.072909,0.072909,0.072909,0.072909,0.072909
plan_trace.modify.selection_api_event,2,0.000952,0.000476,0.000421,0.000421,0.000531,0.000531,0.000531,0.000421
plan_trace.render,4,3.777134,0.944284,0.855369,0.943470,1.061595,1.061595,1.061595,0.943470
plan_trace.sketch.actor_visual_sync,1,0.474735,0.474735,0.474735,0.474735,0.474735,0.474735,0.474735,0.474735
plan_trace.sketch.compile_kernel,1,0.203282,0.203282,0.203282,0.203282,0.203282,0.203282,0.203282,0.203282
plan_trace.snap.build_screen_index,2,0.031006,0.015503,0.014331,0.014331,0.016675,0.016675,0.016675,0.016675
plan_trace.snap.near_query.cells,2,0.006110,0.003055,0.003015,0.003015,0.003095,0.003095,0.003095,0.003095
plan_trace.snap.near_query.materialize,2,0.003275,0.001637,0.001633,0.001633,0.001642,0.001642,0.001642,0.001642
plan_trace.snap.near_query.total,2,0.134329,0.067164,0.066919,0.066919,0.067410,0.067410,0.067410,0.066919
plan_trace.snap_targets.build.anchor,2,0.030254,0.015127,0.010345,0.010345,0.019909,0.019909,0.019909,0.010345
plan_trace.snap_targets.build.arcs,2,0.000590,0.000295,0.000270,0.000270,0.000320,0.000320,0.000320,0.000320
plan_trace.snap_targets.build.beziers,2,0.000952,0.000476,0.000321,0.000321,0.000631,0.000631,0.000631,0.000321
plan_trace.snap_targets.build.circles,2,0.000630,0.000315,0.000230,0.000230,0.000400,0.000400,0.000400,0.000230
plan_trace.snap_targets.build.lines,2,0.000861,0.000430,0.000380,0.000380,0.000481,0.000481,0.000481,0.000481
plan_trace.snap_targets.build.points,2,0.016614,0.008307,0.000360,0.000360,0.016254,0.016254,0.016254,0.016254
plan_trace.snap_targets.build_live_targets,2,0.141961,0.070980,0.068402,0.068402,0.073559,0.073559,0.073559,0.073559
plan_trace.snap_targets.fast_signature,2,0.002753,0.001376,0.001191,0.001191,0.001562,0.001562,0.001562,0.001191
plan_trace.snap_targets.structural_signature,2,0.021432,0.010716,0.010215,0.010215,0.011217,0.011217,0.011217,0.010215
plan_trace.surface.pick_press,1,3.861277,3.861277,3.861277,3.861277,3.861277,3.861277,3.861277,3.861277
scene_cache.mesh.collect_objects,1,0.009023,0.009023,0.009023,0.009023,0.009023,0.009023,0.009023,0.009023
scene_cache.rebuild.collect_document_meshes,1,0.017776,0.017776,0.017776,0.017776,0.017776,0.017776,0.017776,0.017776
scene_cache.rebuild.collect_scene,1,0.002474,0.002474,0.002474,0.002474,0.002474,0.002474,0.002474,0.002474
scene_cache.rebuild.collect_selection,1,0.002694,0.002694,0.002694,0.002694,0.002694,0.002694,0.002694,0.002694
scene_cache.rebuild.collect_sketch,1,0.002874,0.002874,0.002874,0.002874,0.002874,0.002874,0.002874,0.002874
scene_cache.rebuild.total,1,0.065837,0.065837,0.065837,0.065837,0.065837,0.065837,0.065837,0.065837
scene_cache.snap.near_query.total,2,0.051356,0.025678,0.013550,0.013550,0.037806,0.037806,0.037806,0.013550
scene_cache.snap.rebuild_screen_index,1,0.004768,0.004768,0.004768,0.004768,0.004768,0.004768,0.004768,0.004768
snap.manager.providers,2,0.000531,0.000266,0.000261,0.000261,0.000270,0.000270,0.000270,0.000270
snap.manager.targets_to_results,2,0.086920,0.043460,0.036735,0.036735,0.050185,0.050185,0.050185,0.036735
snap.targets_to_results.classify,2,0.001572,0.000786,0.000771,0.000771,0.000801,0.000801,0.000801,0.000771
snap.targets_to_results.curve_intersections,2,0.001883,0.000941,0.000842,0.000842,0.001041,0.001041,0.001041,0.000842
snap.targets_to_results.direct_snaps,2,0.018838,0.009419,0.004016,0.004016,0.014822,0.014822,0.014822,0.004016
snap.targets_to_results.segment_intersections,2,0.001772,0.000886,0.000691,0.000691,0.001081,0.001081,0.001081,0.000691
snap.targets_to_results.total,2,0.075101,0.037551,0.031166,0.031166,0.043935,0.043935,0.043935,0.031166
